repository,version,commit,java_files,packages,package_edges,cyclic_packages,max_fan_in,max_fan_out,unstable_dependencies,hub_like_packages,large_packages,median_package_size
tika,before,b27dfe0ce70beded9008df90e6a16c2ef66ba9aa,44,17,133,0,15,12,0,1,2,2.0
tika,after,2b86daf8815f3c8d974f887e4cc064b9159db595,44,17,131,0,15,12,0,1,2,2.0
tika,before,033a07cf008dfaf63c2d4bb76bebf184f8b7a338,61,18,149,2,15,17,0,1,4,2.0
tika,after,f8183f2dffaac516ea48fc3522c302fa4937b26c,61,18,149,2,15,17,0,1,4,2.0
tika,before,0c203842869b08afd0d3af2a899f6f6fc5cb0f4f,61,18,149,2,15,17,0,1,4,2.0
tika,after,83cb301f046cf5621e6e71bcd907fef52c491078,59,18,149,4,15,16,0,1,3,2.0
tika,before,cfe3527af83d582d12a43a6f42ff30bd2d15a379,59,18,138,4,15,16,0,1,3,2.0
tika,after,d3e678bf2c00961a33854ad3a0ecb0df7dd23b08,59,18,139,4,15,16,0,1,3,2.0
tika,before,3db20898e5a5ed8fec5457f515d4441e17f178b2,59,18,140,4,15,16,0,1,3,2.0
tika,after,7bdb1c8dea70014b3528736755868c526dfcf834,59,18,140,4,15,16,0,1,3,2.0
tika,before,701d4701b9ec9b523c687284f0f1a79bd8609d9d,59,18,141,4,15,16,0,3,3,2.0
tika,after,a03498cc893044e1f4c01adbbfee13881b02f2db,61,18,141,4,15,16,0,3,3,2.0
tika,before,58c236093a69b39dd98203eb92dc31db549eaf60,62,17,151,5,15,16,0,3,3,2.0
tika,after,62e58ea2e8ccd2ef1a968349408c990914efa6b6,61,17,139,4,15,16,0,1,3,2.0
tika,before,62e58ea2e8ccd2ef1a968349408c990914efa6b6,61,17,139,4,15,16,0,1,3,2.0
tika,after,aceff84889da091010bcd893809427428a8b68a6,59,18,135,4,16,15,0,0,2,2.0
tika,before,c943f692982b70a43b4ddec37bc40e2a3de2d318,64,18,150,4,16,15,0,1,3,2.0
tika,after,d064cb2f7ffd58893e05e327144816ddee6842da,64,18,150,4,16,15,0,1,3,2.0
tika,before,5e0a2b3e155ca8767e3b1b24bd1528a3ae3dc9ff,64,18,146,4,16,15,0,1,3,2.0
tika,after,3fb58b7b5dc6381b8bc717663ae7d3fd517394cd,64,14,131,4,12,18,0,1,3,3.0
tika,before,3fb58b7b5dc6381b8bc717663ae7d3fd517394cd,64,14,131,4,12,18,0,1,3,3.0
tika,after,e759bbbc8afcc8d490562eb08c14a10c509adc20,64,14,131,4,12,18,0,1,3,3.0
tika,before,1081cb5beded2bd1228de19f74c6349ca674afed,64,14,130,4,12,17,0,1,3,3.0
tika,after,9fce256813d12e7aeef73bfc6ed3896ad414dc24,64,14,130,4,12,17,0,1,3,3.0
tika,before,a328f9c6ad676d51c34c7dd8584bac72438f99dd,66,14,133,4,12,17,0,1,3,4.0
tika,after,b0a87ad5afe05da5087209062c229a53921ca3bf,66,14,133,4,12,17,0,1,3,4.0
tika,before,e1da9a1fc19aa951fca916c850250ebb58eb8675,70,14,136,4,12,17,0,1,3,4.0
tika,after,580824e1088af50d5556e2a01d71311a42a74edc,68,14,135,4,12,17,0,1,3,4.0
tika,before,9ffdd5470b4b66c62b21dac13cb278acf2cad48b,68,14,135,4,12,17,0,1,3,4.0
tika,after,a8d1e675a2c18e67b534df31823214d8c917c07c,69,14,135,4,12,17,0,1,4,4.0
maven,before,7cbde03de8101ef94f3f193f153e731570769247,5,1,9,0,1,9,0,0,0,9.0
maven,after,0abaebbe2917f4757859e6bf5b05da7e13a843b0,5,1,9,0,1,9,0,0,0,9.0
maven,before,dd4fc3384fa78ba3335f7075f0e111ff45f681d5,18,8,29,0,5,8,0,0,0,2.0
maven,after,072609e0b3788efd42acaf3394f7a41ed8326cfa,18,8,27,0,5,6,0,0,0,2.0
maven,before,8430b7b9cf599361980751aa99914714da49d337,18,8,27,0,5,6,0,0,0,2.0
maven,after,b36d96471545150e531d2b26ff1ebc31e41754e7,18,9,29,0,6,7,0,0,0,2.0
camel,before,77b260b65ba821b3443d922320cc3d9b708c8d83,34,6,20,4,5,5,0,0,1,6.0
camel,after,9c15e67cde9c4d17f2dfba9c9a3fc3a3dbb9d401,34,6,20,4,5,5,0,0,1,6.0
camel,before,e7c6c8095ebaff15a22d13113f9c701b498b3e22,41,6,29,3,6,7,0,0,1,6.0
camel,after,d5e6b38aee4c69c2a1c06f032dad88a41d5e3e86,42,6,28,3,6,7,0,0,1,6.0
camel,before,47e0604ac775641dd3da5880b2a34f9babe25ed2,43,6,30,3,6,7,0,0,1,6.0
camel,after,b8d28505c84baabe75edfba0a43f3b2f06e19c13,43,6,30,3,6,7,0,0,1,6.0
camel,before,aa3e9137e1e2d52738e113c806acbc7df9b5e428,47,6,37,3,6,12,0,0,0,10.0
camel,after,1623cf3b64c5ea2e6cb1208f0fbe9dd042527c35,47,6,39,3,6,13,0,0,0,10.0
camel,before,2db582e78784e0aad6cd25fbf66c22aec03e8ed8,57,7,48,3,6,16,0,0,3,6.0
camel,after,8b5459cfb18316ec2c96e63b0b70a4289ed0c755,56,7,48,3,6,16,0,0,3,6.0
camel,before,3a5cea7c053dd9bceec508be897301a7ae449f18,67,8,56,3,7,16,0,0,1,8.0
camel,after,160d9af7be83c6de8791c86dac799a1f4a055a09,67,9,63,4,8,16,0,0,3,6.0
camel,before,6d5197ddc74869c4d68aa1c1c64195b8e3a2c405,73,9,63,4,8,16,0,0,3,6.0
camel,after,bc29034e883303421c2f0c41511ea78dc39d6a9b,73,9,62,4,8,16,0,0,3,6.0
camel,before,bc29034e883303421c2f0c41511ea78dc39d6a9b,73,9,62,4,8,16,0,0,3,6.0
camel,after,09cbd05f75f7afcc40e4fffa74892c7ce80a31e6,73,9,62,4,8,16,0,0,3,6.0
camel,before,dfffe613f300ef82ac64f9f62dcdec90ecd36da4,79,9,63,5,8,16,0,0,2,8.0
camel,after,a8a1f3cd00b56d835c22a6a52d30db96d68a30ae,80,9,65,5,8,16,0,0,2,8.0
camel,before,a8a1f3cd00b56d835c22a6a52d30db96d68a30ae,80,9,65,5,8,16,0,0,2,8.0
camel,after,ac9d5e90c72180917d1d006c2e28d31229ad42ee,80,9,65,5,8,16,0,0,2,8.0
camel,before,5b4ba71b0b82e7027f92e1fef4513b41a69c0dfd,102,10,78,5,9,16,0,0,2,9.0
camel,after,9c3a4e70bdc12b91709138fc3deddf50860052cb,102,10,79,5,9,16,0,0,2,9.0
camel,before,90043f9c89f67524451edf1e44783785179912dd,102,10,79,5,9,16,0,0,2,9.0
camel,after,3f90f9286e6d5eb4d344334c9690e3790a4fb544,102,13,88,5,11,12,0,0,4,7.0
camel,before,5f875a33b20c3f221e747f332e93d20a82676f76,102,10,79,5,9,16,0,0,2,9.0
camel,after,3e6804a397a9045eb296006a7089db13639d7f2d,108,11,90,5,9,16,0,1,3,8.0
camel,before,8b0ae5afec7cefc15191e06b91d4cc38907c634f,121,11,106,5,11,16,0,0,2,10.0
camel,after,c58bccbd9df2b643661948f4dc12d3c538e69305,124,11,108,5,11,16,0,2,2,10.0
camel,before,c58bccbd9df2b643661948f4dc12d3c538e69305,124,11,108,5,11,16,0,2,2,10.0
camel,after,fbf682983abf08b58b2892d9d01c612bb6ee2f78,121,11,107,5,11,16,0,2,2,10.0
camel,before,fbf682983abf08b58b2892d9d01c612bb6ee2f78,121,11,107,5,11,16,0,2,2,10.0
camel,after,0424392709e1a8c0f6674e8621db9874c0e395de,121,11,107,5,11,16,0,2,2,10.0
camel,before,d4600ca8cb72ab71eec13a9325f6f290cf60a9c8,119,11,107,5,11,16,0,2,2,10.0
camel,after,d4b2ebb217926da4981f3b784ac3f996b970c4ed,119,11,107,5,11,16,0,2,2,10.0
camel,before,98e300a1d811692175660ac7530cc0e2a4337a88,121,11,107,5,11,16,0,2,2,10.0
camel,after,7173ec91ea19aa42215d42b089bdd87e847f9d6e,121,11,107,5,11,16,0,2,2,10.0
camel,before,27102fc06acfdacef219c79f7b9dd89fe29a08bb,138,14,133,5,13,20,0,2,2,11.0
camel,after,6da8eb176f0a3150b80bf3e1a8982a7a62e5c302,138,15,142,5,14,16,0,2,4,8.0
camel,before,278a2a3dbedfb7d57a77ddedda40027bacd9cc76,145,16,152,5,15,16,0,2,4,8.0
camel,after,35cf84bd3a0784ee34e3d146545f95c74567ccd3,144,16,152,5,15,16,0,2,4,8.0
ant,before,ee9453f4f459494b616f35d57b58b73773e534dd,44,3,18,0,3,11,0,0,0,22.0
ant,after,edb71783adeffc29a56df203f97b5ac0e4566a5d,43,3,17,0,3,10,0,0,0,21.0
ant,before,c697c4d2d093adc00d508f6f6f91797d3c9ffe3e,38,2,16,0,2,10,0,0,0,33.0
ant,after,65d02e393d8709dd9fd6f5d48b502b72507bbb86,38,2,17,0,2,10,0,0,0,33.0
ant,before,bf94e2fb091644d9c249322d9574ab6bb1e6a3d8,48,3,20,0,3,10,0,0,0,35.0
ant,after,3c26912e56e06ac64c392444cb19e3587f1bbb11,49,3,20,0,3,10,0,0,0,36.0
ant,before,ab202c98abdb86255e80d286acee3b8c6960cab2,50,3,20,0,3,10,0,0,0,37.0
ant,after,ae16bb711b331f6c8a20ee1298cf171de43266f7,51,3,20,0,3,10,0,0,0,38.0
ant,before,7f93c6c464471c53f323dd190182b1cd3bd9fb2e,51,3,20,0,3,10,0,0,0,40.0
ant,after,653124c46b538acb4d6caf265851fa991578d42d,51,3,20,0,3,10,0,0,0,44.0
ant,before,d5bfb5609dde48b93877185c1f61067e009e8499,62,5,31,2,5,9,0,0,0,32.0
ant,after,1ba5087df429abe38dd22fe5c9ddbc343280f0ae,66,5,31,2,5,9,0,0,0,38.0
ant,before,b8678d977409facd43522a5816cbb5e866dcab81,66,5,31,2,5,9,0,0,0,38.0
ant,after,948ce9bca757a323b0e07ce25a10a76f759898ba,66,5,31,2,5,9,0,0,0,38.0
ant,before,d977d4b58f8e6e323060aeb695e45749822187d4,68,5,31,2,5,9,0,0,0,39.0
ant,after,b417973d391382a96e26e6c50751b9b24f85b239,69,5,31,2,5,9,0,0,0,39.0
ant,before,d5313cd9aeb9e62923cf784c46598937160aba2e,69,5,31,2,5,9,0,0,0,39.0
ant,after,38c2a2a22283450dab6afcf3d3ec094c67dc1e4e,69,5,31,2,5,9,0,0,0,39.0
lucene,before,9bd3152b06cbef4d429860eb200c64090ce28a68,108,11,47,4,11,10,0,0,5,6.0
lucene,after,58bcd780a9a37d81dfcb6f4f17acccaddc03a438,109,11,47,4,11,10,0,0,5,6.0
lucene,before,c05b8e334b1fa224a9daf3473396ce0687ea630d,112,11,51,7,11,10,0,0,5,7.0
lucene,after,89a554ffab239c0118ccd454d76cdf714d793911,112,11,51,7,11,10,0,0,5,7.0
lucene,before,b1ab12b556dc5952c90a8d79914c7cb51067acfe,114,11,52,8,11,10,0,0,5,7.0
lucene,after,2ae22a31e362c283a9b1a58621bd51512c1d5741,115,11,52,8,11,10,0,0,5,7.0
lucene,before,d0473acefc066148991310b39e27c38091860334,115,11,52,8,11,10,0,0,5,7.0
lucene,after,e120b8bd512967bb0c683f64d45546f5c617b548,115,12,63,9,12,11,0,0,4,7.0
